"A.C. Green", 81, 6-9, 220
"A.J. Bramlett", 82, 6-10, 227
"A.J. Guyton", 73, 6-1, 180
"A.J. Price", 74, 6-2, 181
"Aaron Brooks", 72, 6-0, 161
"Aaron Gray", 84, 7-0, 270
"Aaron McKie", 77, 6-5, 209
"Aaron Miles", 73, 6-1, 175
"Aaron Williams", 81, 6-9, 220
"Acie Law", 75, 6-3, 195
"Adam Harrington", 77, 6-5, 200
"Adam Keefe", 81, 6-9, 230
"Adam Morrison", 80, 6-8, 205
"Adonal Foyle", 82, 6-10, 250
"Adonis Jordan", 71, 5-11, 170
"Adonis Thomas", 79, 6-7, 200
"Adrian Griffin", 77, 6-5, 217
"Al Harrington", 81, 6-9, 230
"Al Horford", 82, 6-10, 245
"Al Jefferson", 82, 6-10, 265
"Al Thornton", 80, 6-8, 220
"Al-Farouq Aminu", 81, 6-9, 215
"Alan Anderson", 78, 6-6, 220
"Alan Henderson", 81, 6-9, 235
"Alando Tucker", 78, 6-6, 205
"Alec Burks", 78, 6-6, 195
"Aleksandar Radojevic", 87, 7-3, 250
"Alex Acker", 77, 6-5, 185
"Alex Garcia", 75, 6-3, 220
"Alex Len", 85, 7-1, 255
"Alex Scales", 76, 6-4, 185
"Alexander Johnson", 81, 6-9, 240
"Alexey Shved", 78, 6-6, 190
"Alexis Ajinca", 84, 7-0, 220
"Allan Houston", 78, 6-6, 200
"Allan Ray", 74, 6-2, 190
"Allen Crabbe", 78, 6-6, 210
"Allen Iverson", 72, 6-0, 165
"Alonzo Gee", 78, 6-6, 220
"Alonzo Mourning", 82, 6-10, 240
"Alton Ford", 81, 6-9, 275
"Alvin Jones", 83, 6-11, 265
"Alvin Sims", 76, 6-4, 235
"Alvin Williams", 77, 6-5, 185
"Amal McCaskill", 83, 6-11, 235
"Amar'e Stoudemire", 82, 6-10, 245
"Amir Johnson", 81, 6-9, 210
"Anderson Varejao", 82, 6-10, 230
"Andrae Patterson", 81, 6-9, 238
"Andray Blatche", 83, 6-11, 235
"Andre Barrett", 70, 5-10, 172
"Andre Brown", 81, 6-9, 245
"Andre Drummond", 82, 6-10, 270
"Andre Emmett", 77, 6-5, 230
"Andre Iguodala", 78, 6-6, 207
"Andre Miller", 74, 6-2, 200
"Andre Owens", 76, 6-4, 200
"Andre Roberson", 79, 6-7, 210
"Andrea Bargnani", 84, 7-0, 225
"Andreas Glyniadakis", 85, 7-1, 280
"Andrei Kirilenko", 81, 6-9, 220
"Andres Nocioni", 79, 6-7, 225
"Andrew Bogut", 84, 7-0, 245
"Andrew Bynum", 84, 7-0, 285
"Andrew DeClercq", 82, 6-10, 230
"Andrew Gaze", 79, 6-7, 205
"Andrew Goudelock", 75, 6-3, 200
"Andrew Lang", 83, 6-11, 245
"Andrew Nicholson", 81, 6-9, 250
"Andris Biedrins", 83, 6-11, 240
"Andy Panko", 81, 6-9, 222
"Andy Rautins", 76, 6-4, 190
"Anfernee Hardaway", 79, 6-7, 195
"Ansu Sesay", 81, 6-9, 225
"Antawn Jamison", 80, 6-8, 223
"Anthony Avent", 81, 6-9, 235
"Anthony Bennett", 80, 6-8, 240
"Anthony Carter", 73, 6-1, 190
"Anthony Davis", 82, 6-10, 220
"Anthony Goldwire", 73, 6-1, 182
"Anthony Grundy", 75, 6-3, 180
"Anthony Johnson", 75, 6-3, 190
"Anthony Mason", 79, 6-7, 250
"Anthony Miller", 81, 6-9, 225
"Anthony Morrow", 77, 6-5, 210
"Anthony Parker", 78, 6-6, 215
"Anthony Peeler", 76, 6-4, 208
"Anthony Randolph", 82, 6-10, 205
"Anthony Roberson", 74, 6-2, 180
"Anthony Tolliver", 80, 6-8, 240
"Antoine Carr", 81, 6-9, 225
"Antoine Rigaudeau", 79, 6-7, 210
"Antoine Walker", 80, 6-8, 224
"Antoine Wright", 79, 6-7, 210
"Antonio Anderson", 78, 6-6, 215
"Antonio Burks", 73, 6-1, 200
"Antonio Daniels", 76, 6-4, 195
"Antonio Davis", 81, 6-9, 215
"Antonio Harvey", 83, 6-11, 225
"Antonio Lang", 80, 6-8, 205
"Antonio McDyess", 81, 6-9, 220
"Antonis Fotsis", 82, 6-10, 219
"Archie Goodwin", 77, 6-5, 198
"Arinze Onuaku", 81, 6-9, 275
"Armen Gilliam", 81, 6-9, 230
"Armon Johnson", 75, 6-3, 195
"Arnett Moultrie", 83, 6-11, 249
"Aron Baynes", 82, 6-10, 260
"Arron Afflalo", 77, 6-5, 215
"Art Long", 81, 6-9, 250
"Arvydas Macijauskas", 76, 6-4, 214
"Arvydas Sabonis", 87, 7-3, 279
"Austin Croshere", 81, 6-9, 235
"Austin Daye", 83, 6-11, 200
"Austin Rivers", 76, 6-4, 200
"Avery Bradley", 74, 6-2, 180
"Avery Johnson", 70, 5-10, 175
"Awvee Storey", 78, 6-6, 222
"B.J. Armstrong", 74, 6-2, 175
"Baron Davis", 75, 6-3, 209
"Ben Davis", 81, 6-9, 240
"Ben Gordon", 75, 6-3, 200
"Ben Handlogten", 82, 6-10, 240
"Ben Hansbrough", 75, 6-3, 203
"Ben McLemore", 77, 6-5, 195
"Ben Uzoh", 75, 6-3, 205
"Ben Wallace", 81, 6-9, 240
"Beno Udrih", 75, 6-3, 205
"Benoit Benjamin", 84, 7-0, 250
"Bernard James", 82, 6-10, 240
"Bernard Robinson", 78, 6-6, 210
"Bill Curley", 81, 6-9, 220
"Bill Walker", 78, 6-6, 220
"Bill Wennington", 84, 7-0, 245
"Billy Owens", 80, 6-8, 220
"Billy Thomas", 76, 6-4, 208
"Bimbo Coles", 73, 6-1, 180
"Bismack Biyombo", 81, 6-9, 229
"Bison Dele", 81, 6-9, 235
"Blake Ahearn", 74, 6-2, 190
"Blake Griffin", 82, 6-10, 251
"Blue Edwards", 76, 6-4, 200
"Bo Outlaw", 80, 6-8, 210
"Bob Sura", 77, 6-5, 200
"Bobby Brown", 74, 6-2, 175
"Bobby Jackson", 73, 6-1, 185
"Bobby Jones", 79, 6-7, 215
"Bobby Phills", 77, 6-5, 210
"Bobby Simmons", 79, 6-7, 210
"Boniface N'Dong", 84, 7-0, 198
"Bonzi Wells", 77, 6-5, 210
"Boris Diaw", 80, 6-8, 215
"Bostjan Nachbar", 81, 6-9, 221
"Bracey Wright", 75, 6-3, 210
"Brad Miller", 83, 6-11, 244
"Bradley Beal", 75, 6-3, 207
"Brandan Wright", 81, 6-9, 205
"Brandin Knight", 72, 6-0, 180
"Brandon Armstrong", 77, 6-5, 188
"Brandon Bass", 80, 6-8, 240
"Brandon Davies", 82, 6-10, 240
"Brandon Hunter", 79, 6-7, 260
"Brandon Jennings", 73, 6-1, 169
"Brandon Knight", 75, 6-3, 189
"Brandon Roy", 78, 6-6, 215
"Brandon Rush", 78, 6-6, 210
"Brandon Williams", 78, 6-6, 215
"Brendan Haywood", 84, 7-0, 268
"Brent Barry", 78, 6-6, 185
"Brent Price", 73, 6-1, 165
"Brevin Knight", 70, 5-10, 173
"Brian Cardinal", 80, 6-8, 245
"Brian Cook", 81, 6-9, 234
"Brian Evans", 80, 6-8, 220
"Brian Grant", 81, 6-9, 254
"Brian Roberts", 73, 6-1, 180
"Brian Scalabrine", 81, 6-9, 241
"Brian Shaw", 78, 6-6, 190
"Brian Skinner", 81, 6-9, 255
"Britton Johnsen", 82, 6-10, 210
"Brook Lopez", 84, 7-0, 260
"Bruce Bowen", 79, 6-7, 185
"Bruno Sundov", 86, 7-2, 220
"Bryant Reeves", 84, 7-0, 275
"Bryant Stith", 77, 6-5, 208
"Bryce Drew", 74, 6-2, 185
"Bryon Russell", 79, 6-7, 225
"Byron Mullens", 84, 7-0, 275
"C.J. McCollum", 76, 6-4, 200
"C.J. Miles", 78, 6-6, 210
"C.J. Watson", 74, 6-2, 180
"Cal Bowdler", 82, 6-10, 245
"Calbert Cheaney", 79, 6-7, 209
"Calvin Booth", 83, 6-11, 230
"Carl Herrera", 81, 6-9, 215
"Carl Landry", 81, 6-9, 248
"Carldell Johnson", 70, 5-10, 180
"Carlos Arroyo", 74, 6-2, 202
"Carlos Boozer", 81, 6-9, 258
"Carlos Delfino", 78, 6-6, 230
"Carlos Rogers", 83, 6-11, 220
"Carmelo Anthony", 80, 6-8, 230
"Caron Butler", 79, 6-7, 217
"Carrick Felix", 78, 6-6, 201
"Cartier Martin", 79, 6-7, 220
"Casey Jacobsen", 78, 6-6, 215
"Casey Shaw", 83, 6-11, 260
"Casper Ware", 70, 5-10, 175
"Cedric Bozeman", 78, 6-6, 207
"Cedric Ceballos", 78, 6-6, 190
"Cedric Henderson", 79, 6-7, 215
"Cedric Jackson", 75, 6-3, 191
"Cedric Simmons", 81, 6-9, 235
"Cezary Trybanski", 86, 7-2, 240
"Chandler Parsons", 81, 6-9, 200
"Channing Frye", 83, 6-11, 248
"Charles Barkley", 78, 6-6, 252
"Charles Jenkins", 75, 6-3, 220
"Charles Jones", 75, 6-3, 180
"Charles O'Bannon", 77, 6-5, 209
"Charles Oakley", 80, 6-8, 225
"Charles Shackleford", 82, 6-10, 225
"Charles Smith", 76, 6-4, 194
"Charlie Bell", 75, 6-3, 200
"Charlie Villanueva", 83, 6-11, 240
"Charlie Ward", 74, 6-2, 190
"Chase Budinger", 79, 6-7, 218
"Chauncey Billups", 75, 6-3, 202
"Cheikh Samb", 85, 7-1, 245
"Cherokee Parks", 83, 6-11, 235
"Chris Andersen", 82, 6-10, 230
"Chris Anstey", 84, 7-0, 249
"Chris Babb", 77, 6-5, 225
"Chris Bosh", 82, 6-10, 228
"Chris Carr", 77, 6-5, 207
"Chris Childs", 75, 6-3, 195
"Chris Copeland", 81, 6-9, 235
"Chris Crawford", 81, 6-9, 235
"Chris Douglas-Roberts", 79, 6-7, 200
"Chris Dudley", 83, 6-11, 235
"Chris Duhon", 73, 6-1, 185
"Chris Garner", 70, 5-10, 156
"Chris Gatling", 82, 6-10, 220
"Chris Herren", 74, 6-2, 197
"Chris Hunter", 83, 6-11, 240
"Chris Jefferies", 80, 6-8, 225
"Chris Johnson", 78, 6-6, 201
"Chris Johnson", 83, 6-11, 210
"Chris Kaman", 84, 7-0, 268
"Chris King", 80, 6-8, 215
"Chris McCray", 77, 6-5, 192
"Chris Mihm", 84, 7-0, 265
"Chris Mills", 78, 6-6, 215
"Chris Morris", 80, 6-8, 210
"Chris Mullin", 78, 6-6, 200
"Chris Owens", 79, 6-7, 245
"Chris Paul", 72, 6-0, 175
"Chris Porter", 79, 6-7, 218
"Chris Quinn", 74, 6-2, 185
"Chris Richard", 81, 6-9, 270
"Chris Singleton", 80, 6-8, 230
"Chris Smith", 74, 6-2, 200
"Chris Taft", 82, 6-10, 260
"Chris Webber", 81, 6-9, 245
"Chris Whitney", 72, 6-0, 168
"Chris Wilcox", 82, 6-10, 221
"Chris Wright", 73, 6-1, 210
"Chris Wright", 80, 6-8, 226
"Christian Eyenga", 77, 6-5, 210
"Christian Laettner", 83, 6-11, 235
"Chuck Hayes", 78, 6-6, 240
"Chuck Person", 80, 6-8, 220
"Chucky Atkins", 71, 5-11, 160
"Chucky Brown", 79, 6-7, 214
"Clarence Weatherspoon", 78, 6-6, 240
"Clifford Robinson", 82, 6-10, 225
"Coby Karl", 77, 6-5, 215
"Cody Zeller", 84, 7-0, 240
"Cole Aldrich", 83, 6-11, 245
"Corey Beck", 73, 6-1, 190
"Corey Benjamin", 78, 6-6, 200
"Corey Brewer", 81, 6-9, 185
"Corey Maggette", 78, 6-6, 218
"Corie Blount", 81, 6-9, 240
"Corliss Williamson", 79, 6-7, 245
"Corsley Edwards", 81, 6-9, 275
"Cory Alexander", 73, 6-1, 185
"Cory Carr", 75, 6-3, 210
"Cory Higgins", 77, 6-5, 180
"Cory Joseph", 75, 6-3, 185
"Courtney Alexander", 77, 6-5, 205
"Courtney Fortson", 71, 5-11, 185
"Courtney Lee", 77, 6-5, 200
"Courtney Sims", 82, 6-10, 245
"Craig Brackins", 82, 6-10, 230
"Craig Smith", 79, 6-7, 250
"Curtis Borchardt", 84, 7-0, 240
"Cuttino Mobley", 76, 6-4, 190
"D.J. Augustin", 72, 6-0, 180
"D.J. Kennedy", 78, 6-6, 215
"D.J. Stephens", 77, 6-5, 188
"D.J. Strawberry", 77, 6-5, 201
"D.J. White", 81, 6-9, 251
"DaJuan Summers", 80, 6-8, 240
"Daequan Cook", 77, 6-5, 205
"Dahntay Jones", 78, 6-6, 210
"Dajuan Wagner", 74, 6-2, 200
"Dale Davis", 83, 6-11, 230
"Dale Ellis", 79, 6-7, 205
"Dalibor Bagaric", 85, 7-1, 255
"Damian Lillard", 75, 6-3, 195
"Damien Wilkins", 78, 6-6, 225
"Damion James", 79, 6-7, 225
"Damir Markota", 82, 6-10, 225
"Damon Jones", 75, 6-3, 185
"Damon Stoudamire", 70, 5-10, 171
"Damone Brown", 81, 6-9, 200
"Dan Dickau", 72, 6-0, 190
"Dan Gadzuric", 83, 6-11, 240
"Dan Langhi", 83, 6-11, 220
"Dan Majerle", 78, 6-6, 215
"Dan McClintock", 84, 7-0, 270
"Dana Barros", 71, 5-11, 163
"Daniel Ewing", 75, 6-3, 185
"Daniel Gibson", 74, 6-2, 190
"Daniel Orton", 82, 6-10, 255
"Daniel Santiago", 85, 7-1, 256
"Danilo Gallinari", 82, 6-10, 225
"Danny Ferry", 82, 6-10, 230
"Danny Fortson", 79, 6-7, 260
"Danny Granger", 80, 6-8, 225
"Danny Green", 78, 6-6, 210
"Danny Manning", 82, 6-10, 230
"Danny Schayes", 83, 6-11, 235
"Dante Cunningham", 80, 6-8, 230
"Darington Hobson", 79, 6-7, 210
"Darius Johnson-Odom", 74, 6-2, 215
"Darius Miles", 81, 6-9, 210
"Darius Miller", 80, 6-8, 235
"Darius Morris", 76, 6-4, 190
"Darius Songaila", 81, 6-9, 248
"Darius Washington", 74, 6-2, 195
"Darko Milicic", 84, 7-0, 250
"Darnell Jackson", 81, 6-9, 253
"Darrell Armstrong", 72, 6-0, 170
"Darrell Arthur", 81, 6-9, 225
"Darren Collison", 72, 6-0, 160
"Darrick Martin", 71, 5-11, 170
"Darryl Watkins", 83, 6-11, 258
"Darvin Ham", 79, 6-7, 220
"David Andersen", 83, 6-11, 245
"David Benoit", 80, 6-8, 220
"David Harrison", 84, 7-0, 280
"David Lee", 81, 6-9, 249
"David Noel", 78, 6-6, 230
"David Robinson", 85, 7-1, 235
"David Vanterpool", 77, 6-5, 200
"David Vaughn", 81, 6-9, 240
"David Wesley", 72, 6-0, 190
"David West", 81, 6-9, 240
"David Wingate", 77, 6-5, 185
"DeAndre Jordan", 83, 6-11, 250
"DeAndre Liggins", 78, 6-6, 209
"DeJuan Blair", 79, 6-7, 265
"DeJuan Wheat", 72, 6-0, 165
"DeMar DeRozan", 79, 6-7, 220
"DeMarco Johnson", 81, 6-9, 245
"DeMarcus Cousins", 83, 6-11, 270
"DeMarcus Nelson", 76, 6-4, 200
"DeMarre Carroll", 80, 6-8, 212
"DeQuan Jones", 80, 6-8, 221
"DeSagana Diop", 84, 7-0, 300
"DeShawn Stevenson", 77, 6-5, 210
"Dean Garrett", 82, 6-10, 225
"Dean Oliver", 71, 5-11, 180
"Dedric Willoughby", 75, 6-3, 180
"Dee Brown", 72, 6-0, 185
"Dee Brown", 73, 6-1, 160
"Dell Curry", 76, 6-4, 190
"Delonte West", 76, 6-4, 180
"Demetris Nichols", 80, 6-8, 216
"Deng Gai", 81, 6-9, 250
"Dennis Horner", 81, 6-9, 230
"Dennis Rodman", 79, 6-7, 210
"Dennis Schr√∂der", 73, 6-1, 168
"Dennis Scott", 80, 6-8, 229
"DerMarr Johnson", 81, 6-9, 201
"Derek Anderson", 77, 6-5, 194
"Derek Fisher", 73, 6-1, 200
"Derek Harper", 76, 6-4, 185
"Derek Hood", 80, 6-8, 222
"Derek Strong", 80, 6-8, 220
"Deron Williams", 75, 6-3, 210
"Derrick Brown", 79, 6-7, 225
"Derrick Byars", 79, 6-7, 220
"Derrick Caracter", 81, 6-9, 275
"Derrick Coleman", 82, 6-10, 230
"Derrick Dial", 76, 6-4, 184
"Derrick Favors", 82, 6-10, 246
"Derrick McKey", 81, 6-9, 205
"Derrick Rose", 75, 6-3, 190
"Derrick Williams", 80, 6-8, 241
"Derrick Zimmerman", 75, 6-3, 195
"Desmon Farmer", 77, 6-5, 220
"Desmond Ferguson", 79, 6-7, 203
"Desmond Mason", 79, 6-7, 224
"Desmond Penigar", 79, 6-7, 245
"Detlef Schrempf", 81, 6-9, 214
"Devean George", 80, 6-8, 220
"Devin Brown", 77, 6-5, 220
"Devin Ebanks", 81, 6-9, 215
"Devin Gray", 79, 6-7, 240
"Devin Green", 79, 6-7, 210
"Devin Harris", 75, 6-3, 185
"Dewayne Dedmon", 84, 7-0, 255
"Dexter Pittman", 83, 6-11, 308
"Diante Garrett", 76, 6-4, 190
"Dickey Simpkins", 81, 6-9, 248
"Didier Ilunga-Mbenga", 84, 7-0, 245
"Dijon Thompson", 79, 6-7, 195
"Dikembe Mutombo", 86, 7-2, 245
"Dion Glover", 77, 6-5, 228
"Dion Waiters", 76, 6-4, 210
"Dionte Christmas", 77, 6-5, 205
"Dirk Nowitzki", 84, 7-0, 237
"Dominic McGuire", 81, 6-9, 220
"Dominique Jones", 76, 6-4, 215
"Dominique Wilkins", 79, 6-7, 200
"Don MacLean", 82, 6-10, 235
"Don Reid", 80, 6-8, 250
"Donald Sloan", 75, 6-3, 205
"Donatas Motiejunas", 84, 7-0, 222
"Donell Taylor", 78, 6-6, 180
"Donnell Harvey", 80, 6-8, 220
"Donny Marshall", 79, 6-7, 230
"Donta Smith", 79, 6-7, 215
"Donte Greene", 83, 6-11, 226
"Dontell Jefferson", 77, 6-5, 195
"Donyell Marshall", 81, 6-9, 218
"Dorell Wright", 79, 6-7, 200
"Doron Lamb", 76, 6-4, 210
"Doug Christie", 78, 6-6, 200
"Doug Overton", 75, 6-3, 190
"Doug West", 78, 6-6, 200
"Dragan Tarlac", 82, 6-10, 260
"Draymond Green", 79, 6-7, 230
"Drew Barry", 77, 6-5, 191
"Drew Gooden", 82, 6-10, 230
"Duane Causwell", 84, 7-0, 240
"Duane Ferrell", 79, 6-7, 209
"Dwayne Jones", 83, 6-11, 250
"Dwayne Schintzius", 85, 7-1, 260
"Dwight Buycks", 75, 6-3, 190
"Dwight Howard", 83, 6-11, 240
"Dwyane Wade", 76, 6-4, 212
"E'Twaun Moore", 76, 6-4, 191
"Earl Barron", 84, 7-0, 245
"Earl Boykins", 65, 5-5, 135
"Earl Clark", 82, 6-10, 225
"Earl Watson", 73, 6-1, 195
"Ed Davis", 82, 6-10, 225
"Ed Gray", 75, 6-3, 210
"Eddie Basden", 77, 6-5, 215
"Eddie Gill", 72, 6-0, 190
"Eddie Griffin", 82, 6-10, 220
"Eddie House", 73, 6-1, 180
"Eddie Johnson", 79, 6-7, 215
"Eddie Jones", 78, 6-6, 190
"Eddie Robinson", 80, 6-8, 210
"Eddy Curry", 84, 7-0, 295
"Eduardo Najera", 80, 6-8, 240
"Edwin Ubiles", 78, 6-6, 204
"Efthimi Rentzias", 83, 6-11, 250
"Ekpe Udoh", 82, 6-10, 240
"Elden Campbell", 83, 6-11, 215
"Eldridge Recasner", 75, 6-3, 190
"Elias Harris", 80, 6-8, 239
"Elliot Perry", 72, 6-0, 150
"Elliot Williams", 77, 6-5, 180
"Elton Brand", 80, 6-8, 275
"Emanual Davis", 76, 6-4, 195
"Emeka Okafor", 82, 6-10, 252
"Enes Kanter", 83, 6-11, 262
"Eric Bledsoe", 73, 6-1, 190
"Eric Dawson", 81, 6-9, 250
"Eric Gordon", 76, 6-4, 215
"Eric Maynor", 75, 6-3, 175
"Eric Montross", 84, 7-0, 270
"Eric Murdock", 73, 6-1, 190
"Eric Piatkowski", 79, 6-7, 215
"Eric Riley", 84, 7-0, 245
"Eric Snow", 75, 6-3, 190
"Eric Washington", 76, 6-4, 190
"Eric Williams", 80, 6-8, 220
"Erick Barkley", 73, 6-1, 177
"Erick Dampier", 83, 6-11, 265
"Erick Strickland", 75, 6-3, 210
"Erik Daniels", 80, 6-8, 214
"Erik Murphy", 82, 6-10, 230
"Ernest Brown", 84, 7-0, 244
"Ersan Ilyasova", 81, 6-9, 235
"Ervin Johnson", 83, 6-11, 245
"Esteban Batista", 82, 6-10, 270
"Etan Thomas", 81, 6-9, 256
"Etdrick Bohannon", 81, 6-9, 220
"Eugene Jeter", 71, 5-11, 175
"Evan Eschmeyer", 83, 6-11, 255
"Evan Fournier", 78, 6-6, 190
"Evan Turner", 79, 6-7, 205
"Fab Melo", 84, 7-0, 255
"Fabricio Oberto", 82, 6-10, 245
"Felipe Lopez", 77, 6-5, 199
"Felton Spencer", 84, 7-0, 265
"Festus Ezeli", 83, 6-11, 255
"Francisco Elson", 84, 7-0, 235
"Francisco Garcia", 79, 6-7, 195
"Frank Williams", 75, 6-3, 212
"Fred Hoiberg", 76, 6-4, 203
"Fred Jones", 76, 6-4, 210
"Fred Vinson", 76, 6-4, 190
"Gabe Pruitt", 76, 6-4, 170
"Gal Mekel", 75, 6-3, 191
"Gani Lawal", 81, 6-9, 234
"Garret Siler", 83, 6-11, 305
"Garrett Temple", 78, 6-6, 190
"Garth Joseph", 86, 7-2, 315
"Gary Forbes", 79, 6-7, 220
"Gary Grant", 75, 6-3, 185
"Gary Neal", 76, 6-4, 210
"Gary Payton", 76, 6-4, 180
"Gary Trent", 80, 6-8, 250
"Geno Carlisle", 75, 6-3, 180
"George Hill", 74, 6-2, 180
"George Lynch", 80, 6-8, 218
"George McCloud", 78, 6-6, 205
"Gerald Brown", 76, 6-4, 210
"Gerald Fitch", 75, 6-3, 188
"Gerald Green", 80, 6-8, 200
"Gerald Henderson", 77, 6-5, 215
"Gerald Wallace", 79, 6-7, 215
"Gerald Wilkins", 78, 6-6, 185
"Gerard King", 81, 6-9, 230
"Gheorghe Muresan", 91, 7-7, 303
"Giannis Antetokounmpo", 81, 6-9, 210
"Gilbert Arenas", 75, 6-3, 191
"Glen Davis", 81, 6-9, 289
"Glen Rice", 78, 6-6, 206
"Glen Rice", 79, 6-7, 215
"Glenn Robinson", 79, 6-7, 225
"Goran Dragic", 76, 6-4, 180
"Gordan Giricek", 78, 6-6, 210
"Gordon Hayward", 80, 6-8, 207
"Gorgui Dieng", 83, 6-11, 245
"Grant Hill", 80, 6-8, 225
"Grant Long", 80, 6-8, 225
"Greg Anthony", 72, 6-0, 176
"Greg Buckner", 76, 6-4, 210
"Greg Foster", 83, 6-11, 240
"Greg Minor", 78, 6-6, 210
"Greg Monroe", 83, 6-11, 253
"Greg Oden", 84, 7-0, 250
"Greg Ostertag", 86, 7-2, 280
"Greg Smith", 82, 6-10, 250
"Greg Stiemsma", 83, 6-11, 260
"Greivis Vasquez", 78, 6-6, 200
"Guillermo Diaz", 74, 6-2, 192
"Gustavo Ayon", 82, 6-10, 250
"Guy Rucker", 83, 6-11, 265
"Ha Seung-Jin", 87, 7-3, 305
"Hakeem Olajuwon", 84, 7-0, 255
"Hakim Warrick", 81, 6-9, 219
"Hamady N'Diaye", 84, 7-0, 235
"Hamed Haddadi", 86, 7-2, 254
"Hanno Mottola", 83, 6-11, 247
"Harold Jamison", 80, 6-8, 260
"Harrison Barnes", 80, 6-8, 210
"Harvey Grant", 80, 6-8, 195
"Hasheem Thabeet", 87, 7-3, 263
"Hassan Adams", 76, 6-4, 220
"Hassan Whiteside", 84, 7-0, 235
"Haywoode Workman", 74, 6-2, 180
"Hedo Turkoglu", 82, 6-10, 220
"Henry Sims", 82, 6-10, 245
"Herb Williams", 82, 6-10, 242
"Hersey Hawkins", 75, 6-3, 190
"Hilton Armstrong", 83, 6-11, 235
"Hiram Fuller", 81, 6-9, 240
"Hollis Thompson", 80, 6-8, 206
"Horace Grant", 82, 6-10, 215
"Horace Jenkins", 73, 6-1, 180
"Hot Rod Williams", 83, 6-11, 215
"Howard Eisley", 74, 6-2, 177
"Hubert Davis", 77, 6-5, 183
"Ian Clark", 75, 6-3, 175
"Ian Mahinmi", 83, 6-11, 230
"Ibo Kutluay", 78, 6-6, 200
"Igor Rakocevic", 75, 6-3, 183
"Ike Diogu", 80, 6-8, 250
"Iman Shumpert", 77, 6-5, 212
"Ime Udoka", 78, 6-6, 215
"Ira Bowman", 77, 6-5, 195
"Ira Newble", 79, 6-7, 220
"Isaac Austin", 82, 6-10, 255
"Isaac Fontaine", 76, 6-4, 210
"Isaiah Canaan", 72, 6-0, 188
"Isaiah Rider", 77, 6-5, 215
"Isaiah Thomas", 69, 5-9, 185
"Ishmael Smith", 72, 6-0, 175
"Ivan Johnson", 80, 6-8, 230
"Ivan McFarlin", 80, 6-8, 240
"J.J. Hickson", 81, 6-9, 242
"J.J. Redick", 76, 6-4, 190
"J.R. Bremer", 74, 6-2, 185
"J.R. Giddens", 77, 6-5, 215
"J.R. Henderson", 80, 6-8, 226
"J.R. Reid", 81, 6-9, 247
"J.R. Smith", 78, 6-6, 220
"JaJuan Johnson", 82, 6-10, 221
"JaVale McGee", 84, 7-0, 237
"Jabari Smith", 83, 6-11, 250
"Jackie Butler", 82, 6-10, 250
"Jackson Vroman", 82, 6-10, 220
"Jacque Vaughn", 73, 6-1, 190
"Jae Crowder", 79, 6-7, 240
"Jahidi White", 81, 6-9, 290
"Jake Tsakalidis", 86, 7-2, 285
"Jake Voskuhl", 83, 6-11, 245
"Jalen Rose", 80, 6-8, 210
"Jamaal Franklin", 77, 6-5, 191
"Jamaal Magloire", 83, 6-11, 259
"Jamaal Tinsley", 75, 6-3, 195
"Jamal Crawford", 78, 6-6, 185
"Jamal Mashburn", 80, 6-8, 240
"Jamal Robinson", 79, 6-7, 212
"Jamal Sampson", 83, 6-11, 235
"Jamario Moon", 80, 6-8, 205
"Jameer Nelson", 72, 6-0, 190
"Jamel Thomas", 78, 6-6, 215
"James Anderson", 78, 6-6, 215
"James Augustine", 82, 6-10, 235
"James Cotton", 77, 6-5, 220
"James Harden", 77, 6-5, 220
"James Johnson", 81, 6-9, 245
"James Jones", 80, 6-8, 225
"James Lang", 82, 6-10, 285
"James Nunnally", 79, 6-7, 205
"James Posey", 80, 6-8, 215
"James Robinson", 74, 6-2, 180
"James Singleton", 80, 6-8, 216
"James Southerland", 80, 6-8, 215
"James Thomas", 80, 6-8, 235
"James White", 79, 6-7, 200
"JamesOn Curry", 75, 6-3, 190
"Jamie Feick", 81, 6-9, 255
"Jamie Watson", 79, 6-7, 190
"Jamison Brewer", 76, 6-4, 184
"Jan Vesely", 83, 6-11, 240
"Jannero Pargo", 73, 6-1, 175
"Jared Cunningham", 76, 6-4, 194
"Jared Dudley", 79, 6-7, 225
"Jared Jeffries", 83, 6-11, 230
"Jared Reiner", 83, 6-11, 255
"Jared Sullinger", 81, 6-9, 280
"Jaren Jackson", 76, 6-4, 190
"Jarrett Jack", 75, 6-3, 202
"Jarron Collins", 83, 6-11, 255
"Jarvis Hayes", 79, 6-7, 220
"Jarvis Varnado", 81, 6-9, 230
"Jason Caffey", 80, 6-8, 255
"Jason Collier", 84, 7-0, 260
"Jason Collins", 84, 7-0, 255
"Jason Hart", 75, 6-3, 185
"Jason Kapono", 80, 6-8, 213
"Jason Kidd", 76, 6-4, 205
"Jason Maxiell", 79, 6-7, 260
"Jason Miskiri", 74, 6-2, 175
"Jason Richardson", 78, 6-6, 220
"Jason Sasser", 79, 6-7, 225
"Jason Smith", 84, 7-0, 240
"Jason Terry", 74, 6-2, 176
"Jason Thompson", 83, 6-11, 250
"Jason Williams", 73, 6-1, 190
"Javaris Crittenton", 77, 6-5, 200
"Jawad Williams", 81, 6-9, 218
"Jay Williams", 74, 6-2, 195
"Jayson Williams", 81, 6-9, 240
"Jeff Adrien", 79, 6-7, 243
"Jeff Ayres", 81, 6-9, 240
"Jeff Foote", 84, 7-0, 265
"Jeff Foster", 83, 6-11, 236
"Jeff Green", 81, 6-9, 235
"Jeff Hornacek", 75, 6-3, 190
"Jeff McInnis", 76, 6-4, 190
"Jeff Taylor", 79, 6-7, 225
"Jeff Teague", 74, 6-2, 180
"Jeff Trepagnier", 76, 6-4, 200
"Jeff Withey", 84, 7-0, 235
"Jeffrey Sheppard", 75, 6-3, 190
"Jelani McCoy", 82, 6-10, 245
"Jerald Honeycutt", 81, 6-9, 245
"Jeremy Evans", 81, 6-9, 196
"Jeremy Lamb", 77, 6-5, 180
"Jeremy Lin", 75, 6-3, 200
"Jeremy Pargo", 74, 6-2, 219
"Jeremy Richardson", 78, 6-6, 185
"Jeremy Tyler", 82, 6-10, 260
"Jermaine Jackson", 76, 6-4, 204
"Jermaine O'Neal", 83, 6-11, 226
"Jermaine Taylor", 76, 6-4, 210
"Jermareo Davidson", 82, 6-10, 230
"Jerome Beasley", 82, 6-10, 237
"Jerome Dyson", 75, 6-3, 180
"Jerome James", 84, 7-0, 300
"Jerome Jordan", 84, 7-0, 253
"Jerome Kersey", 79, 6-7, 215
"Jerome Moiso", 82, 6-10, 235
"Jerome Williams", 81, 6-9, 206
"Jerry Smith", 74, 6-2, 190
"Jerry Stackhouse", 78, 6-6, 218
"Jerryd Bayless", 75, 6-3, 200
"Jeryl Sasser", 78, 6-6, 200
"Jim Jackson", 78, 6-6, 220
"Jim McIlvaine", 85, 7-1, 240
"Jimmer Fredette", 74, 6-2, 195
"Jimmy Butler", 79, 6-7, 220
"Jimmy Oliver", 77, 6-5, 205
"Jiri Welsch", 79, 6-7, 208
"Joakim Noah", 83, 6-11, 232
"Jodie Meeks", 76, 6-4, 208
"Joe Alexander", 80, 6-8, 230
"Joe Crawford", 77, 6-5, 210
"Joe Crispin", 72, 6-0, 185
"Joe Dumars", 75, 6-3, 190
"Joe Johnson", 80, 6-8, 225
"Joe Kleine", 83, 6-11, 255
"Joe Smith", 82, 6-10, 225
"Joe Stephens", 79, 6-7, 210
"Joe Wolf", 83, 6-11, 230
"Joel Anthony", 81, 6-9, 245
"Joel Freeland", 82, 6-10, 250
"Joel Przybilla", 85, 7-1, 255
"Joey Dorsey", 80, 6-8, 268
"Joey Graham", 79, 6-7, 225
"Johan Petro", 84, 7-0, 247
"John Amaechi", 82, 6-10, 270
"John Celestand", 76, 6-4, 178
"John Coker", 84, 7-0, 253
"John Crotty", 73, 6-1, 185
"John Edwards", 84, 7-0, 275
"John Henson", 83, 6-11, 220
"John Jenkins", 76, 6-4, 215
"John Lucas", 71, 5-11, 165
"John Salley", 83, 6-11, 230
"John Salmons", 79, 6-7, 210
"John Starks", 75, 6-3, 180
"John Stockton", 73, 6-1, 170
"John Thomas", 81, 6-9, 265
"John Wall", 76, 6-4, 195
"John Wallace", 80, 6-8, 225
"Johnny Newman", 79, 6-7, 190
"Johnny Taylor", 81, 6-9, 220
"Jon Barry", 76, 6-4, 195
"Jon Brockman", 79, 6-7, 255
"Jon Leuer", 82, 6-10, 228
"Jonas Jerebko", 82, 6-10, 231
"Jonas Valanciunas", 83, 6-11, 231
"Jonathan Bender", 83, 6-11, 202
"Jonathan Kerner", 83, 6-11, 245
"Jonny Flynn", 72, 6-0, 185
"Jordan Crawford", 76, 6-4, 195
"Jordan Farmar", 74, 6-2, 180
"Jordan Hamilton", 79, 6-7, 220
"Jordan Hill", 82, 6-10, 235
"Jordan Williams", 82, 6-10, 260
"Jorge Garbajosa", 81, 6-9, 245
"Jorge Gutierrez", 75, 6-3, 191
"Jose Barea", 72, 6-0, 175
"Jose Calderon", 75, 6-3, 210
"Joseph Forte", 76, 6-4, 194
"Josh Akognon", 71, 5-11, 185
"Josh Boone", 82, 6-10, 237
"Josh Childress", 80, 6-8, 210
"Josh Davis", 80, 6-8, 235
"Josh Harrellson", 82, 6-10, 275
"Josh Howard", 79, 6-7, 210
"Josh McRoberts", 82, 6-10, 240
"Josh Powell", 81, 6-9, 225
"Josh Selby", 74, 6-2, 183
"Josh Smith", 81, 6-9, 225
"Jrue Holiday", 75, 6-3, 180
"Juan Carlos Navarro", 75, 6-3, 170
"Juan Dixon", 75, 6-3, 164
"Juaquin Hawkins", 79, 6-7, 220
"Jud Buechler", 78, 6-6, 220
"Julian Wright", 80, 6-8, 225
"Julius Hodge", 79, 6-7, 210
"Julyan Stone", 78, 6-6, 200
"Jumaine Jones", 80, 6-8, 218
"Junior Harrington", 76, 6-4, 180
"Justin Dentmon", 71, 5-11, 185
"Justin Hamilton", 84, 7-0, 260
"Justin Harper", 82, 6-10, 225
"Justin Holiday", 78, 6-6, 185
"Justin Reed", 80, 6-8, 240
"Justin Williams", 82, 6-10, 225
"Juwan Howard", 81, 6-9, 240
"Kaniel Dickens", 80, 6-8, 215
"Kareem Rush", 78, 6-6, 215
"Karl Malone", 81, 6-9, 250
"Kasib Powell", 79, 6-7, 215
"Kawhi Leonard", 79, 6-7, 225
"Kedrick Brown", 79, 6-7, 222
"Keith Askins", 79, 6-7, 197
"Keith Benson", 83, 6-11, 230
"Keith Bogans", 77, 6-5, 215
"Keith Booth", 78, 6-6, 226
"Keith Closs", 87, 7-3, 212
"Keith Langford", 76, 6-4, 215
"Keith McLeod", 74, 6-2, 188
"Keith Van Horn", 82, 6-10, 220
"Kelenna Azubuike", 77, 6-5, 220
"Kelly McCarty", 79, 6-7, 200
"Kelly Olynyk", 84, 7-0, 238
"Kelvin Cato", 83, 6-11, 255
"Kemba Walker", 73, 6-1, 172
"Ken Johnson", 83, 6-11, 240
"Kendall Gill", 77, 6-5, 195
"Kendall Marshall", 76, 6-4, 195
"Kendrick Perkins", 82, 6-10, 280
"Kenneth Faried", 80, 6-8, 228
"Kenny Anderson", 72, 6-0, 168
"Kenny Satterfield", 74, 6-2, 186
"Kenny Thomas", 79, 6-7, 261
"Kent Bazemore", 77, 6-5, 201
"Kentavious Caldwell-Pope", 77, 6-5, 205
"Kenyon Martin", 81, 6-9, 234
"Keon Clark", 83, 6-11, 220
"Kerry Kittles", 77, 6-5, 179
"Kevin Burleson", 75, 6-3, 205
"Kevin Durant", 81, 6-9, 215
"Kevin Edwards", 75, 6-3, 190
"Kevin Garnett", 83, 6-11, 220
"Kevin Johnson", 73, 6-1, 180
"Kevin Jones", 80, 6-8, 251
"Kevin Love", 82, 6-10, 260
"Kevin Martin", 79, 6-7, 185
"Kevin Murphy", 78, 6-6, 185
"Kevin Ollie", 76, 6-4, 195
"Kevin Seraphin", 81, 6-9, 264
"Kevin Willis", 84, 7-0, 220
"Kevinn Pinkney", 82, 6-10, 245
"Keyon Dooling", 75, 6-3, 196
"Khalid El-Amin", 70, 5-10, 200
"Khalid Reeves", 75, 6-3, 199
"Khris Middleton", 79, 6-7, 215
"Kim English", 78, 6-6, 200
"Kirk Haston", 81, 6-9, 242
"Kirk Hinrich", 75, 6-3, 190
"Kirk Penney", 77, 6-5, 220
"Kirk Snyder", 78, 6-6, 225
"Kiwane Garris", 74, 6-2, 183
"Klay Thompson", 79, 6-7, 205
"Kobe Bryant", 78, 6-6, 200
"Korleone Young", 79, 6-7, 213
"Kornel David", 81, 6-9, 235
"Kosta Koufos", 84, 7-0, 265
"Kosta Perovic", 86, 7-2, 240
"Kris Humphries", 81, 6-9, 235
"Kris Joseph", 79, 6-7, 210
"Kurt Thomas", 81, 6-9, 230
"Kwame Brown", 83, 6-11, 270
"Kyle Korver", 79, 6-7, 210
"Kyle Lowry", 72, 6-0, 175
"Kyle O'Quinn", 82, 6-10, 240
"Kyle Singler", 80, 6-8, 230
"Kyle Weaver", 78, 6-6, 201
"Kyrie Irving", 74, 6-2, 180
"Kyrylo Fesenko", 85, 7-1, 288
"LaMarcus Aldridge", 83, 6-11, 240
"LaMark Baker", 73, 6-1, 175
"LaPhonso Ellis", 80, 6-8, 240
"Lamar Odom", 82, 6-10, 220
"Lamond Murray", 79, 6-7, 236
"Lance Allred", 83, 6-11, 250
"Lance Stephenson", 77, 6-5, 210
"Lance Thomas", 80, 6-8, 225
"Landry Fields", 79, 6-7, 210
"Lari Ketner", 81, 6-9, 277
"Laron Profit", 77, 6-5, 204
"Larry Hughes", 77, 6-5, 184
"Larry Johnson", 78, 6-6, 250
"Larry Owens", 79, 6-7, 210
"Larry Robinson", 75, 6-3, 180
"Larry Sanders", 83, 6-11, 235
"Latrell Sprewell", 77, 6-5, 190
"Lavor Postell", 77, 6-5, 215
"Lavoy Allen", 81, 6-9, 225
"Lawrence Funderburke", 81, 6-9, 230
"Lawrence Roberts", 81, 6-9, 240
"Lazar Hayward", 78, 6-6, 225
"Lazaro Borrell", 80, 6-8, 220
"LeBron James", 80, 6-8, 240
"Leandro Barbosa", 75, 6-3, 176
"Lee Mayberry", 73, 6-1, 172
"Lee Nailon", 81, 6-9, 238
"Leon Powe", 80, 6-8, 240
"Leon Smith", 82, 6-10, 235
"Lester Hudson", 75, 6-3, 190
"Linas Kleiza", 80, 6-8, 245
"Lindsey Hunter", 74, 6-2, 170
"Linton Johnson", 80, 6-8, 205
"Lionel Chalmers", 72, 6-0, 180
"Litterial Green", 73, 6-1, 185
"Lonny Baxter", 80, 6-8, 260
"Loren Meyer", 82, 6-10, 257
"Loren Woods", 85, 7-1, 245
"Lorenzen Wright", 83, 6-11, 225
"Lorenzo Brown", 77, 6-5, 189
"Lorenzo Williams", 81, 6-9, 200
"Louis Amundson", 81, 6-9, 225
"Louis Williams", 74, 6-2, 175
"Loy Vaught", 81, 6-9, 230
"Luc Longley", 86, 7-2, 265
"Luc Mbah a Moute", 80, 6-8, 230
"Lucious Harris", 77, 6-5, 190
"Luigi Datome", 80, 6-8, 215
"Luis Flores", 74, 6-2, 200
"Luis Scola", 81, 6-9, 245
"Luke Babbitt", 81, 6-9, 225
"Luke Harangody", 80, 6-8, 246
"Luke Jackson", 79, 6-7, 215
"Luke Ridnour", 74, 6-2, 175
"Luke Schenscher", 85, 7-1, 255
"Luke Walton", 80, 6-8, 235
"Luke Zeller", 83, 6-11, 245
"Luol Deng", 80, 6-8, 220
"Luther Head", 75, 6-3, 185
"Lynn Greer", 74, 6-2, 175
"Maalik Wayns", 74, 6-2, 200
"Maceo Baston", 81, 6-9, 215
"Maciej Lampe", 83, 6-11, 275
"Mahmoud Abdul-Rauf", 73, 6-1, 162
"Makhtar N'Diaye", 80, 6-8, 245
"Malcolm Lee", 77, 6-5, 200
"Malcolm Thomas", 81, 6-9, 225
"Malik Allen", 82, 6-10, 255
"Malik Hairston", 78, 6-6, 220
"Malik Rose", 79, 6-7, 250
"Malik Sealy", 80, 6-8, 190
"Mamadou N'Diaye", 84, 7-0, 255
"Manny Harris", 77, 6-5, 185
"Manu Ginobili", 78, 6-6, 210
"MarShon Brooks", 77, 6-5, 200
"Marc Gasol", 85, 7-1, 265
"Marc Jackson", 82, 6-10, 270
"Marcin Gortat", 83, 6-11, 240
"Marco Belinelli", 77, 6-5, 192
"Marcus Banks", 74, 6-2, 200
"Marcus Brown", 75, 6-3, 185
"Marcus Camby", 83, 6-11, 220
"Marcus Cousin", 83, 6-11, 245
"Marcus Fizer", 81, 6-9, 262
"Marcus Haislip", 82, 6-10, 230
"Marcus Landry", 79, 6-7, 230
"Marcus Morris", 81, 6-9, 235
"Marcus Thornton", 76, 6-4, 205
"Marcus Vinicius", 80, 6-8, 225
"Marcus Williams", 75, 6-3, 205
"Marcus Williams", 79, 6-7, 205
"Mardy Collins", 78, 6-6, 220
"Mario Bennett", 78, 6-6, 235
"Mario Chalmers", 73, 6-1, 190
"Mario Elie", 77, 6-5, 210
"Mario Kasun", 85, 7-1, 260
"Mario West", 77, 6-5, 210
"Mark Blount", 84, 7-0, 230
"Mark Bryant", 81, 6-9, 245
"Mark Davis", 79, 6-7, 210
"Mark Hendrickson", 81, 6-9, 220
"Mark Jackson", 73, 6-1, 180
"Mark Jones", 78, 6-6, 215
"Mark Macon", 76, 6-4, 185
"Mark Madsen", 81, 6-9, 240
"Mark Pope", 82, 6-10, 235
"Mark Strickland", 81, 6-9, 210
"Mark West", 82, 6-10, 230
"Markieff Morris", 82, 6-10, 245
"Marko Jaric", 79, 6-7, 198
"Marko Milic", 78, 6-6, 235
"Marlon Garnett", 74, 6-2, 186
"Marquis Daniels", 78, 6-6, 200
"Marquis Teague", 74, 6-2, 189
"Marreese Speights", 82, 6-10, 245
"Martell Webster", 79, 6-7, 210
"Marty Conlon", 82, 6-10, 224
"Martynas Andriuskevicius", 86, 7-2, 240
"Marvin Williams", 81, 6-9, 230
"Mason Plumlee", 82, 6-10, 235
"Mateen Cleaves", 74, 6-2, 205
"Matt Barnes", 79, 6-7, 235
"Matt Bonner", 82, 6-10, 240
"Matt Bullard", 82, 6-10, 215
"Matt Carroll", 78, 6-6, 212
"Matt Freije", 82, 6-10, 240
"Matt Geiger", 84, 7-0, 243
"Matt Harpring", 79, 6-7, 231
"Matt Maloney", 75, 6-3, 192
"Matt Walsh", 78, 6-6, 205
"Matthew Dellavedova", 76, 6-4, 200
"Maurice Ager", 77, 6-5, 202
"Maurice Baker", 73, 6-1, 175
"Maurice Carter", 77, 6-5, 210
"Maurice Evans", 77, 6-5, 220
"Maurice Harkless", 80, 6-8, 208
"Maurice Taylor", 81, 6-9, 260
"Mehmet Okur", 83, 6-11, 249
"Melvin Ely", 82, 6-10, 260
"Melvin Sanders", 77, 6-5, 210
"Mengke Bateer", 83, 6-11, 290
"Metta World Peace", 78, 6-6, 244
"Meyers Leonard", 85, 7-1, 245
"Michael Beasley", 81, 6-9, 235
"Michael Bradley", 82, 6-10, 245
"Michael Cage", 81, 6-9, 224
"Michael Carter-Williams", 78, 6-6, 185
"Michael Curry", 77, 6-5, 210
"Michael Dickerson", 77, 6-5, 190
"Michael Doleac", 83, 6-11, 262
"Michael Finley", 79, 6-7, 215
"Michael Hawkins", 72, 6-0, 178
"Michael Jordan", 78, 6-6, 195
"Michael Kidd-Gilchrist", 79, 6-7, 232
"Michael Olowokandi", 84, 7-0, 269
"Michael Redd", 78, 6-6, 220
"Michael Ruffin", 81, 6-9, 246
"Michael Smith", 80, 6-8, 230
"Michael Stewart", 82, 6-10, 230
"Micheal Williams", 74, 6-2, 175
"Mickael Gelabale", 79, 6-7, 215
"Mickael Pietrus", 78, 6-6, 215
"Mickell Gladness", 83, 6-11, 220
"Mike Batiste", 80, 6-8, 225
"Mike Bibby", 73, 6-1, 190
"Mike Conley", 73, 6-1, 180
"Mike Dunleavy", 81, 6-9, 220
"Mike Hall", 80, 6-8, 230
"Mike Harris", 78, 6-6, 240
"Mike James", 74, 6-2, 188
"Mike Miller", 80, 6-8, 218
"Mike Muscala", 83, 6-11, 239
"Mike Penberthy", 75, 6-3, 185
"Mike Scott", 80, 6-8, 237
"Mike Smith", 80, 6-8, 195
"Mike Sweetney", 80, 6-8, 275
"Mike Taylor", 74, 6-2, 165
"Mike Wilks", 70, 5-10, 185
"Mikki Moore", 83, 6-11, 225
"Mile Ilic", 85, 7-1, 230
"Miles Plumlee", 82, 6-10, 245
"Miles Simon", 75, 6-3, 202
"Milt Palacio", 75, 6-3, 195
"Miroslav Raduljica", 84, 7-0, 250
"Mirsad Turkcan", 81, 6-9, 236
"Mirza Teletovic", 80, 6-8, 235
"Mitch Richmond", 77, 6-5, 215
"Mitchell Butler", 77, 6-5, 210
"Mo Williams", 73, 6-1, 185
"Monta Ellis", 75, 6-3, 175
"Monty Williams", 80, 6-8, 225
"Moochie Norris", 73, 6-1, 175
"Mookie Blaylock", 72, 6-0, 180
"Morris Almond", 78, 6-6, 225
"Morris Peterson", 79, 6-7, 218
"Mouhamed Sene", 83, 6-11, 230
"Muggsy Bogues", 63, 5-3, 136
"Mustafa Shakur", 75, 6-3, 190
"Mychel Thompson", 78, 6-6, 211
"Name", Height (Inches), Height(Feet-Inches), Weight
"Nando De Colo", 77, 6-5, 200
"Nate Huffman", 85, 7-1, 245
"Nate Robinson", 69, 5-9, 180
"Nate Wolters", 76, 6-4, 190
"Nathan Jawai", 82, 6-10, 280
"Nazr Mohammed", 82, 6-10, 221
"Ndudi Ebi", 81, 6-9, 200
"Negele Knight", 73, 6-1, 175
"Nemanja Nedovic", 75, 6-3, 192
"Nenad Krstic", 84, 7-0, 240
"Nene", 83, 6-11, 260
"Nick Anderson", 78, 6-6, 205
"Nick Calathes", 78, 6-6, 213
"Nick Collison", 81, 6-9, 255
"Nick Fazekas", 83, 6-11, 235
"Nick Van Exel", 73, 6-1, 170
"Nick Young", 78, 6-6, 200
"Nicolas Batum", 80, 6-8, 200
"Nikola Pekovic", 83, 6-11, 285
"Nikola Vucevic", 82, 6-10, 240
"Nikoloz Tskitishvili", 84, 7-0, 225
"Noel Felix", 81, 6-9, 225
"Nolan Smith", 74, 6-2, 185
"Norm Richardson", 77, 6-5, 190
"Norris Cole", 74, 6-2, 170
"O.J. Mayo", 76, 6-4, 210
"Obinna Ekezie", 81, 6-9, 270
"Ognjen Kuzmic", 85, 7-1, 251
"Olden Polynice", 83, 6-11, 220
"Oleksiy Pecherov", 84, 7-0, 234
"Oliver Lafayette", 74, 6-2, 190
"Oliver Miller", 81, 6-9, 280
"Olumide Oyedeji", 82, 6-10, 240
"Omar Cook", 73, 6-1, 190
"Omer Asik", 84, 7-0, 255
"Omri Casspi", 81, 6-9, 225
"Orien Greene", 76, 6-4, 208
"Orlando Johnson", 77, 6-5, 220
"Oscar Torres", 78, 6-6, 210
"Othella Harrington", 81, 6-9, 235
"Othello Hunter", 80, 6-8, 225
"Othyus Jeffers", 77, 6-5, 200
"Otis Thorpe", 81, 6-9, 225
"Otto Porter", 81, 6-9, 198
"P.J. Brown", 83, 6-11, 225
"P.J. Tucker", 77, 6-5, 225
"Pablo Prigioni", 75, 6-3, 180
"Pape Sow", 82, 6-10, 250
"Pape Sy", 79, 6-7, 225
"Pat Burke", 83, 6-11, 250
"Pat Garrity", 81, 6-9, 238
"Patrick Beverley", 73, 6-1, 180
"Patrick Ewing", 80, 6-8, 235
"Patrick Ewing", 84, 7-0, 240
"Patrick Mills", 72, 6-0, 185
"Patrick O'Bryant", 84, 7-0, 260
"Patrick Patterson", 81, 6-9, 235
"Pau Gasol", 84, 7-0, 227
"Paul Davis", 83, 6-11, 270
"Paul George", 81, 6-9, 220
"Paul Grant", 84, 7-0, 245
"Paul McPherson", 76, 6-4, 210
"Paul Millsap", 80, 6-8, 245
"Paul Pierce", 78, 6-6, 230
"Paul Shirley", 82, 6-10, 230
"Pavel Podkolzin", 89, 7-5, 260
"Peja Stojakovic", 81, 6-9, 220
"Pepe Sanchez", 76, 6-4, 195
"Pero Antic", 83, 6-11, 260
"Perry Jones", 83, 6-11, 235
"Pervis Ellison", 81, 6-9, 210
"Pete Chilcutt", 82, 6-10, 230
"Peter Aluma", 82, 6-10, 260
"Peter John Ramos", 87, 7-3, 275
"Peyton Siva", 72, 6-0, 185
"Phil Pressey", 71, 5-11, 175
"Pooh Richardson", 73, 6-1, 180
"Popeye Jones", 80, 6-8, 250
"Pops Mensah-Bonsu", 81, 6-9, 240
"Predrag Drobnjak", 83, 6-11, 270
"Predrag Savovic", 78, 6-6, 225
"Primoz Brezec", 86, 7-2, 252
"Quentin Richardson", 78, 6-6, 223
"Quincy Acy", 79, 6-7, 233
"Quincy Douby", 75, 6-3, 175
"Quincy Lewis", 79, 6-7, 215
"Quincy Miller", 81, 6-9, 210
"Quincy Pondexter", 78, 6-6, 225
"Quinton Ross", 78, 6-6, 195
"Qyntel Woods", 80, 6-8, 221
"Raef LaFrentz", 83, 6-11, 240
"Rafael Araujo", 83, 6-11, 280
"Rafer Alston", 74, 6-2, 171
"Raja Bell", 77, 6-5, 204
"Rajon Rondo", 73, 6-1, 171
"Ramon Sessions", 75, 6-3, 190
"Randell Jackson", 83, 6-11, 215
"Randolph Morris", 82, 6-10, 266
"Randy Brown", 74, 6-2, 190
"Randy Foye", 76, 6-4, 210
"Randy Holcomb", 81, 6-9, 225
"Randy Livingston", 76, 6-4, 209
"Rashad McCants", 76, 6-4, 207
"Rashard Lewis", 82, 6-10, 215
"Rasheed Wallace", 82, 6-10, 225
"Rasho Nesterovic", 84, 7-0, 248
"Rasual Butler", 79, 6-7, 205
"Ratko Varda", 85, 7-1, 260
"Raul Lopez", 73, 6-1, 170
"Rawle Marshall", 81, 6-9, 190
"Ray Allen", 77, 6-5, 205
"Ray McCallum", 75, 6-3, 190
"Raymond Felton", 73, 6-1, 198
"Reece Gaines", 78, 6-6, 205
"Reggie Bullock", 79, 6-7, 205
"Reggie Evans", 80, 6-8, 245
"Reggie Jackson", 75, 6-3, 208
"Reggie Jordan", 76, 6-4, 195
"Reggie Miller", 79, 6-7, 185
"Reggie Slater", 79, 6-7, 215
"Reggie Williams", 78, 6-6, 210
"Renaldo Balkman", 80, 6-8, 208
"Renaldo Major", 79, 6-7, 200
"Rex Chapman", 76, 6-4, 185
"Rex Walters", 76, 6-4, 190
"Richard Hamilton", 78, 6-6, 185
"Richard Jefferson", 79, 6-7, 222
"Richie Frahm", 77, 6-5, 210
"Rick Brunson", 76, 6-4, 190
"Rick Fox", 79, 6-7, 230
"Rick Hughes", 81, 6-9, 235
"Rick Mahorn", 82, 6-10, 240
"Ricky Davis", 78, 6-6, 195
"Ricky Ledo", 79, 6-7, 195
"Ricky Rubio", 76, 6-4, 180
"Rik Smits", 88, 7-4, 250
"Rob Kurz", 81, 6-9, 232
"Robbie Hummel", 80, 6-8, 215
"Robert Archibald", 83, 6-11, 250
"Robert Covington", 81, 6-9, 215
"Robert Hite", 74, 6-2, 184
"Robert Horry", 81, 6-9, 220
"Robert Pack", 74, 6-2, 180
"Robert Sacre", 84, 7-0, 263
"Robert Swift", 84, 7-0, 245
"Robert Traylor", 80, 6-8, 284
"Robert Whaley", 82, 6-10, 260
"Robin Lopez", 84, 7-0, 255
"Rod Strickland", 75, 6-3, 175
"Rodney Buford", 77, 6-5, 189
"Rodney Carney", 79, 6-7, 205
"Rodney Rogers", 79, 6-7, 235
"Rodney Stuckey", 77, 6-5, 205
"Rodney White", 81, 6-9, 238
"Rodrick Rhodes", 78, 6-6, 225
"Rodrigue Beaubois", 72, 6-0, 170
"Roger Mason", 77, 6-5, 200
"Roger Powell", 78, 6-6, 235
"Roko Ukic", 77, 6-5, 183
"Ron Harper", 78, 6-6, 185
"Ron Mercer", 79, 6-7, 210
"Ronald Dupree", 79, 6-7, 209
"Ronald Murray", 76, 6-4, 190
"Ronnie Brewer", 79, 6-7, 220
"Ronnie Price", 74, 6-2, 190
"Ronny Turiaf", 82, 6-10, 249
"Rony Seikaly", 83, 6-11, 230
"Roshown McLeod", 80, 6-8, 221
"Roy Hibbert", 86, 7-2, 278
"Roy Rogers", 82, 6-10, 235
"Royal Ivey", 75, 6-3, 200
"Royce White", 80, 6-8, 270
"Ruben Boumtje-Boumtje", 84, 7-0, 257
"Ruben Garces", 81, 6-9, 245
"Ruben Patterson", 77, 6-5, 224
"Ruben Wolkowyski", 82, 6-10, 270
"Rudy Fernandez", 78, 6-6, 185
"Rudy Gay", 80, 6-8, 230
"Rudy Gobert", 85, 7-1, 220
"Russell Westbrook", 75, 6-3, 187
"Rusty LaRue", 74, 6-2, 210
"Ryan Anderson", 82, 6-10, 240
"Ryan Bowen", 79, 6-7, 215
"Ryan Gomes", 79, 6-7, 250
"Ryan Hollins", 84, 7-0, 230
"Ryan Humphrey", 80, 6-8, 235
"Ryan Kelly", 83, 6-11, 230
"Ryan Reid", 80, 6-8, 232
"Ryan Robertson", 77, 6-5, 190
"Ryan Stack", 83, 6-11, 215
"Salim Stoudamire", 73, 6-1, 179
"Sam Cassell", 75, 6-3, 185
"Sam Jacobson", 76, 6-4, 215
"Sam Mack", 79, 6-7, 220
"Sam Mitchell", 78, 6-6, 210
"Sam Perkins", 81, 6-9, 235
"Sam Young", 78, 6-6, 220
"Samaki Walker", 81, 6-9, 240
"Samardo Samuels", 81, 6-9, 260
"Samuel Dalembert", 83, 6-11, 250
"Sarunas Jasikevicius", 76, 6-4, 195
"Sasha Pavlovic", 80, 6-8, 220
"Sasha Vujacic", 79, 6-7, 193
"Scot Pollard", 83, 6-11, 265
"Scott Burrell", 79, 6-7, 218
"Scott Machado", 73, 6-1, 205
"Scott Padgett", 81, 6-9, 240
"Scott Williams", 82, 6-10, 230
"Scottie Pippen", 80, 6-8, 210
"Scotty Hopson", 79, 6-7, 204
"Sean Colson", 72, 6-0, 175
"Sean Elliott", 80, 6-8, 205
"Sean Lampley", 79, 6-7, 227
"Sean Marks", 82, 6-10, 250
"Sean May", 81, 6-9, 266
"Sean Rooks", 82, 6-10, 250
"Sean Singletary", 72, 6-0, 185
"Sean Williams", 82, 6-10, 235
"Sebastian Telfair", 72, 6-0, 165
"Semih Erden", 84, 7-0, 240
"Serge Ibaka", 82, 6-10, 220
"Sergei Monia", 80, 6-8, 220
"Sergey Karasev", 79, 6-7, 203
"Sergio Rodriguez", 75, 6-3, 168
"Seth Curry", 74, 6-2, 185
"Shabazz Muhammad", 78, 6-6, 225
"Shammond Williams", 73, 6-1, 201
"Shandon Anderson", 78, 6-6, 208
"Shane Battier", 80, 6-8, 220
"Shane Edwards", 79, 6-7, 220
"Shane Heal", 72, 6-0, 180
"Shane Larkin", 71, 5-11, 176
"Shannon Brown", 76, 6-4, 205
"Shaquille O'Neal", 85, 7-1, 325
"Shareef Abdur-Rahim", 81, 6-9, 225
"Sharrod Ford", 81, 6-9, 225
"Shaun Livingston", 79, 6-7, 182
"Shavlik Randolph", 82, 6-10, 240
"Shawn Bradley", 90, 7-6, 235
"Shawn Kemp", 82, 6-10, 230
"Shawn Marion", 79, 6-7, 220
"Shawn Respert", 73, 6-1, 195
"Shawne Williams", 81, 6-9, 225
"Shawnelle Scott", 82, 6-10, 250
"Shelden Williams", 81, 6-9, 250
"Shelvin Mack", 75, 6-3, 215
"Sherman Douglas", 72, 6-0, 180
"Sherron Collins", 71, 5-11, 205
"Slavko Vranes", 89, 7-5, 275
"Smush Parker", 76, 6-4, 190
"Solomon Alabi", 85, 7-1, 251
"Solomon Hill", 79, 6-7, 220
"Solomon Jones", 82, 6-10, 230
"Sonny Weems", 78, 6-6, 203
"Soumaila Samake", 84, 7-0, 230
"Speedy Claxton", 71, 5-11, 166
"Spencer Hawes", 84, 7-0, 245
"Stacey Augmon", 78, 6-6, 205
"Stanislav Medvedenko", 82, 6-10, 250
"Stanley Roberts", 84, 7-0, 285
"Stephane Lasme", 80, 6-8, 215
"Stephen Curry", 75, 6-3, 185
"Stephen Graham", 78, 6-6, 215
"Stephen Jackson", 80, 6-8, 218
"Stephon Marbury", 74, 6-2, 180
"Steve Blake", 75, 6-3, 172
"Steve Francis", 75, 6-3, 195
"Steve Goodrich", 82, 6-10, 220
"Steve Henson", 71, 5-11, 177
"Steve Kerr", 75, 6-3, 175
"Steve Nash", 75, 6-3, 195
"Steve Novak", 82, 6-10, 220
"Steve Smith", 79, 6-7, 200
"Steven Adams", 84, 7-0, 250
"Steven Hill", 84, 7-0, 248
"Steven Hunter", 84, 7-0, 220
"Steven Smith", 80, 6-8, 235
"Stojko Vrankovic", 86, 7-2, 260
"Stromile Swift", 81, 6-9, 225
"Sun Yue", 81, 6-9, 205
"Sundiata Gaines", 73, 6-1, 185
"T.J. Ford", 72, 6-0, 165
"Taj Gibson", 81, 6-9, 225
"Tamar Slay", 80, 6-8, 215
"Tang Hamilton", 80, 6-8, 220
"Tarence Kinsey", 78, 6-6, 185
"Tariq Abdul-Wahad", 78, 6-6, 223
"Taurean Green", 72, 6-0, 177
"Taylor Griffin", 79, 6-7, 238
"Tayshaun Prince", 81, 6-9, 215
"Terence Morris", 81, 6-9, 221
"Terrance Roberson", 79, 6-7, 215
"Terrel Harris", 77, 6-5, 190
"Terrell Brandon", 71, 5-11, 180
"Terrence Jones", 81, 6-9, 252
"Terrence Ross", 78, 6-6, 195
"Terrence Williams", 78, 6-6, 220
"Terry Cummings", 81, 6-9, 220
"Terry Davis", 81, 6-9, 225
"Terry Dehere", 74, 6-2, 190
"Terry Mills", 82, 6-10, 230
"Terry Porter", 75, 6-3, 195
"Thabo Sefolosha", 77, 6-5, 215
"Thaddeus Young", 80, 6-8, 220
"Theo Ratliff", 82, 6-10, 225
"Theron Smith", 80, 6-8, 225
"Thomas Gardner", 77, 6-5, 225
"Thomas Hamilton", 86, 7-2, 330
"Thomas Robinson", 81, 6-9, 240
"Thurl Bailey", 83, 6-11, 215
"Tiago Splitter", 83, 6-11, 232
"Tierre Brown", 74, 6-2, 189
"Tim Duncan", 83, 6-11, 248
"Tim Hardaway", 72, 6-0, 175
"Tim Hardaway", 78, 6-6, 205
"Tim James", 79, 6-7, 212
"Tim Legler", 76, 6-4, 200
"Tim Ohlbrecht", 83, 6-11, 255
"Tim Thomas", 82, 6-10, 230
"Tim Young", 84, 7-0, 220
"Timofey Mozgov", 85, 7-1, 250
"Tito Maddox", 76, 6-4, 190
"Tobias Harris", 80, 6-8, 226
"Toby Bailey", 78, 6-6, 213
"Todd Day", 78, 6-6, 188
"Todd Fuller", 83, 6-11, 255
"Todd MacCulloch", 84, 7-0, 280
"Tom Gugliotta", 82, 6-10, 240
"Tom Hammonds", 81, 6-9, 215
"Toney Douglas", 74, 6-2, 190
"Toni Kukoc", 82, 6-10, 192
"Tony Allen", 76, 6-4, 213
"Tony Battie", 83, 6-11, 230
"Tony Bobbitt", 76, 6-4, 190
"Tony Delk", 73, 6-1, 189
"Tony Farmer", 81, 6-9, 244
"Tony Massenburg", 81, 6-9, 220
"Tony Mitchell", 78, 6-6, 216
"Tony Mitchell", 80, 6-8, 235
"Tony Parker", 74, 6-2, 180
"Tony Smith", 75, 6-3, 185
"Tony Snell", 79, 6-7, 200
"Tony Wroten", 77, 6-5, 205
"Tornike Shengelia", 81, 6-9, 217
"Torraye Braggs", 80, 6-8, 245
"Toure' Murry", 77, 6-5, 195
"Tracy McGrady", 80, 6-8, 210
"Tracy Murray", 79, 6-7, 225
"Trajan Langdon", 75, 6-3, 197
"Travis Best", 71, 5-11, 182
"Travis Diener", 73, 6-1, 175
"Travis Hansen", 78, 6-6, 205
"Travis Knight", 84, 7-0, 235
"Travis Leslie", 76, 6-4, 205
"Travis Outlaw", 81, 6-9, 210
"Travis Williams", 78, 6-6, 215
"Tremaine Fowlkes", 80, 6-8, 220
"Trenton Hassell", 77, 6-5, 200
"Trevor Ariza", 80, 6-8, 200
"Trevor Booker", 79, 6-7, 240
"Trevor Winter", 84, 7-0, 275
"Trey Burke", 72, 6-0, 190
"Trey Gilder", 81, 6-9, 185
"Trey Johnson", 77, 6-5, 218
"Trey Thompkins", 82, 6-10, 245
"Tristan Thompson", 80, 6-8, 225
"Troy Bell", 73, 6-1, 180
"Troy Daniels", 76, 6-4, 200
"Troy Hudson", 73, 6-1, 170
"Troy Murphy", 83, 6-11, 245
"Ty Lawson", 71, 5-11, 195
"Tyler Hansbrough", 81, 6-9, 250
"Tyler Honeycutt", 80, 6-8, 188
"Tyler Zeller", 84, 7-0, 250
"Tyreke Evans", 78, 6-6, 220
"Tyrone Corbin", 78, 6-6, 210
"Tyrone Hill", 81, 6-9, 240
"Tyrone Nesby", 78, 6-6, 225
"Tyronn Lue", 72, 6-0, 175
"Tyrus Thomas", 81, 6-9, 215
"Tyshawn Taylor", 75, 6-3, 185
"Tyson Chandler", 85, 7-1, 235
"Tyson Wheeler", 70, 5-10, 165
"Tyus Edney", 70, 5-10, 152
"Udonis Haslem", 80, 6-8, 230
"Uros Slokar", 82, 6-10, 238
"Vander Blue", 76, 6-4, 200
"Vassilis Spanoulis", 76, 6-4, 195
"Vernon Macklin", 82, 6-10, 227
"Vernon Maxwell", 76, 6-4, 180
"Viacheslav Kravtsov", 84, 7-0, 260
"Victor Alexander", 81, 6-9, 265
"Victor Claver", 81, 6-9, 224
"Victor Oladipo", 77, 6-5, 214
"Viktor Khryapa", 81, 6-9, 210
"Vin Baker", 83, 6-11, 232
"Vince Carter", 78, 6-6, 215
"Vincent Yarbrough", 79, 6-7, 210
"Vinny Del Negro", 76, 6-4, 185
"Vitaly Potapenko", 82, 6-10, 280
"Vitor Faverani", 83, 6-11, 260
"Vlade Divac", 85, 7-1, 243
"Vladimir Radmanovic", 82, 6-10, 227
"Vladimir Stepania", 84, 7-0, 236
"Von Wafer", 77, 6-5, 210
"Vonteego Cummings", 75, 6-3, 185
"Voshon Lenard", 76, 6-4, 205
"Walker Russell", 72, 6-0, 170
"Wally Szczerbiak", 79, 6-7, 244
"Walt Williams", 80, 6-8, 219
"Walter Herrmann", 81, 6-9, 225
"Walter McCarty", 82, 6-10, 230
"Walter Sharpe", 81, 6-9, 245
"Wang Zhizhi", 84, 7-0, 255
"Wayne Ellington", 76, 6-4, 200
"Wayne Simien", 81, 6-9, 255
"Wayne Turner", 74, 6-2, 190
"Wesley Johnson", 79, 6-7, 205
"Wesley Matthews", 77, 6-5, 220
"Wesley Person", 78, 6-6, 195
"Will Barton", 78, 6-6, 174
"Will Blalock", 72, 6-0, 205
"Will Bynum", 72, 6-0, 185
"Will Conroy", 74, 6-2, 195
"Will Perdue", 84, 7-0, 240
"Will Solomon", 73, 6-1, 185
"William Avery", 74, 6-2, 197
"William Cunningham", 83, 6-11, 250
"Willie Burton", 80, 6-8, 210
"Willie Green", 76, 6-4, 200
"Willie Warren", 76, 6-4, 203
"Wilson Chandler", 80, 6-8, 220
"Xavier Henry", 78, 6-6, 220
"Xavier Silas", 77, 6-5, 205
"Yakhouba Diawara", 79, 6-7, 225
"Yao Ming", 90, 7-6, 310
"Yaroslav Korolev", 81, 6-9, 203
"Yi Jianlian", 84, 7-0, 238
"Yuta Tabuse", 69, 5-9, 165
"Zabian Dowdell", 75, 6-3, 191
"Zach Randolph", 81, 6-9, 253
"Zan Tabak", 84, 7-0, 245
"Zarko Cabarkapa", 83, 6-11, 235
"Zaza Pachulia", 83, 6-11, 240
"Zeljko Rebraca", 84, 7-0, 257
"Zendon Hamilton", 83, 6-11, 250
"Zoran Planinic", 79, 6-7, 195
"Zydrunas Ilgauskas", 87, 7-3, 238
